12160,FailedImport.unknown
30120,FailedImport.manual_exclusion
30205,FailedImport.mirrors_unsupported
30229,FailedImport.manual_exclusion
30258,FailedImport.mirrors_unsupported
30787,FailedImport.unknown
30820,FailedImport.unknown
30836,FailedImport.mirrors_unsupported
30837,FailedImport.mirrors_unsupported
30840,FailedImport.mirrors_unsupported
30940,FailedImport.unknown
30941,FailedImport.unknown
31377,FailedImport.mirrors_unsupported
31378,FailedImport.mirrors_unsupported
31379,FailedImport.mirrors_unsupported
31380,FailedImport.mirrors_unsupported
32064000,FailedImport.mirrors_unsupported
32064522,FailedImport.mirrors_unsupported
32064533,FailedImport.mirrors_unsupported
32064566,FailedImport.mirrors_unsupported
32065000,FailedImport.mirrors_unsupported
32065522,FailedImport.mirrors_unsupported
32065533,FailedImport.mirrors_unsupported
32065566,FailedImport.mirrors_unsupported
32066000,FailedImport.mirrors_unsupported
32066522,FailedImport.mirrors_unsupported
32066533,FailedImport.mirrors_unsupported
32066566,FailedImport.mirrors_unsupported
32067000,FailedImport.mirrors_unsupported
32067522,FailedImport.mirrors_unsupported
32067533,FailedImport.mirrors_unsupported
32067566,FailedImport.mirrors_unsupported
32069000,FailedImport.mirrors_unsupported
32069522,FailedImport.mirrors_unsupported
32069533,FailedImport.mirrors_unsupported
32069566,FailedImport.mirrors_unsupported
32070000,FailedImport.mirrors_unsupported
32070522,FailedImport.mirrors_unsupported
32070533,FailedImport.mirrors_unsupported
32070566,FailedImport.mirrors_unsupported
32071000,FailedImport.mirrors_unsupported
32071522,FailedImport.mirrors_unsupported
32071533,FailedImport.mirrors_unsupported
32071566,FailedImport.mirrors_unsupported
32072000,FailedImport.mirrors_unsupported
32072522,FailedImport.mirrors_unsupported
32072533,FailedImport.mirrors_unsupported
32072566,FailedImport.mirrors_unsupported
32073000,FailedImport.mirrors_unsupported
32073522,FailedImport.mirrors_unsupported
32073533,FailedImport.mirrors_unsupported
32073566,FailedImport.mirrors_unsupported
32074000,FailedImport.mirrors_unsupported
32074522,FailedImport.mirrors_unsupported
32074533,FailedImport.mirrors_unsupported
32074566,FailedImport.mirrors_unsupported
32075000,FailedImport.mirrors_unsupported
32075522,FailedImport.mirrors_unsupported
32075533,FailedImport.mirrors_unsupported
32075566,FailedImport.mirrors_unsupported
32076000,FailedImport.mirrors_unsupported
32076522,FailedImport.mirrors_unsupported
32076533,FailedImport.mirrors_unsupported
32076566,FailedImport.mirrors_unsupported
32077,FailedImport.mirrors_unsupported
32078,FailedImport.mirrors_unsupported
32079,FailedImport.mirrors_unsupported
32080,FailedImport.mirrors_unsupported
32081,FailedImport.mirrors_unsupported
32082,FailedImport.mirrors_unsupported
32083,FailedImport.mirrors_unsupported
32084,FailedImport.mirrors_unsupported
32085,FailedImport.mirrors_unsupported
32086,FailedImport.mirrors_unsupported
32087,FailedImport.mirrors_unsupported
32088,FailedImport.mirrors_unsupported
32089,FailedImport.mirrors_unsupported
32090,FailedImport.mirrors_unsupported
32091,FailedImport.mirrors_unsupported
32092,FailedImport.mirrors_unsupported
32093,FailedImport.mirrors_unsupported
32094,FailedImport.mirrors_unsupported
32095,FailedImport.mirrors_unsupported
32096,FailedImport.mirrors_unsupported
32097,FailedImport.mirrors_unsupported
32098,FailedImport.mirrors_unsupported
32099,FailedImport.mirrors_unsupported
32100,FailedImport.mirrors_unsupported
32131,FailedImport.mirrors_unsupported
32132,FailedImport.mirrors_unsupported
32133,FailedImport.mirrors_unsupported
32134,FailedImport.mirrors_unsupported
32135,FailedImport.mirrors_unsupported
32136,FailedImport.mirrors_unsupported
32137,FailedImport.mirrors_unsupported
32138,FailedImport.mirrors_unsupported
32270,FailedImport.mirrors_unsupported
32271,FailedImport.mirrors_unsupported
32272,FailedImport.mirrors_unsupported
32273,FailedImport.mirrors_unsupported
32274000,FailedImport.mirrors_unsupported
32274522,FailedImport.mirrors_unsupported
32274533,FailedImport.mirrors_unsupported
32274566,FailedImport.mirrors_unsupported
32275000,FailedImport.mirrors_unsupported
32275522,FailedImport.mirrors_unsupported
32275533,FailedImport.mirrors_unsupported
32275566,FailedImport.mirrors_unsupported
32276000,FailedImport.mirrors_unsupported
32276522,FailedImport.mirrors_unsupported
32276533,FailedImport.mirrors_unsupported
32276566,FailedImport.mirrors_unsupported
32277000,FailedImport.mirrors_unsupported
32277522,FailedImport.mirrors_unsupported
32277533,FailedImport.mirrors_unsupported
32277566,FailedImport.mirrors_unsupported
32498,FailedImport.unknown_material_type
32587,FailedImport.fresnet_unsupported
32588,FailedImport.fresnet_unsupported
32589,FailedImport.fresnet_unsupported
32590,FailedImport.fresnet_unsupported
32591,FailedImport.fresnet_unsupported
32592,FailedImport.fresnet_unsupported
32593,FailedImport.fresnet_unsupported
32594,FailedImport.fresnet_unsupported
32595,FailedImport.fresnet_unsupported
32596,FailedImport.fresnet_unsupported
32597,FailedImport.fresnet_unsupported
32598,FailedImport.fresnet_unsupported
32681,FailedImport.fresnet_unsupported
32682,FailedImport.fresnet_unsupported
32683,FailedImport.fresnet_unsupported
32684,FailedImport.fresnet_unsupported
32685,FailedImport.fresnet_unsupported
32686,FailedImport.fresnet_unsupported
32687,FailedImport.fresnet_unsupported
32690,FailedImport.fresnet_unsupported
32691,FailedImport.fresnet_unsupported
32725000,FailedImport.mirrors_unsupported
32725522,FailedImport.mirrors_unsupported
32725533,FailedImport.mirrors_unsupported
32725566,FailedImport.mirrors_unsupported
32798,FailedImport.fresnet_unsupported
32811,FailedImport.mirrors_unsupported
32812,FailedImport.mirrors_unsupported
32813,FailedImport.mirrors_unsupported
32814,FailedImport.mirrors_unsupported
32815,FailedImport.mirrors_unsupported
32816,FailedImport.mirrors_unsupported
32817,FailedImport.mirrors_unsupported
32818,FailedImport.mirrors_unsupported
32819,FailedImport.mirrors_unsupported
32820,FailedImport.mirrors_unsupported
32821,FailedImport.mirrors_unsupported
32822,FailedImport.mirrors_unsupported
32823,FailedImport.mirrors_unsupported
32824,FailedImport.mirrors_unsupported
32825,FailedImport.mirrors_unsupported
32826,FailedImport.mirrors_unsupported
32827,FailedImport.mirrors_unsupported
32828,FailedImport.mirrors_unsupported
32829,FailedImport.mirrors_unsupported
32830,FailedImport.mirrors_unsupported
32831,FailedImport.mirrors_unsupported
32832,FailedImport.mirrors_unsupported
32833,FailedImport.mirrors_unsupported
32834,FailedImport.mirrors_unsupported
32835,FailedImport.mirrors_unsupported
32836,FailedImport.mirrors_unsupported
32837,FailedImport.mirrors_unsupported
32838,FailedImport.mirrors_unsupported
32839,FailedImport.mirrors_unsupported
32840,FailedImport.mirrors_unsupported
32841,FailedImport.mirrors_unsupported
32842,FailedImport.mirrors_unsupported
32843,FailedImport.mirrors_unsupported
32844,FailedImport.mirrors_unsupported
32845,FailedImport.mirrors_unsupported
32846,FailedImport.mirrors_unsupported
32927INK,FailedImport.unknown_material_type
33214,FailedImport.acylindrical_unsupported
33215,FailedImport.acylindrical_unsupported
33216,FailedImport.acylindrical_unsupported
33217,FailedImport.acylindrical_unsupported
33218,FailedImport.acylindrical_unsupported
33219,FailedImport.acylindrical_unsupported
33220,FailedImport.acylindrical_unsupported
33221,FailedImport.acylindrical_unsupported
33222,FailedImport.acylindrical_unsupported
33223,FailedImport.acylindrical_unsupported
33224,FailedImport.acylindrical_unsupported
33225,FailedImport.acylindrical_unsupported
33226,FailedImport.acylindrical_unsupported
33227,FailedImport.acylindrical_unsupported
33228,FailedImport.acylindrical_unsupported
33229,FailedImport.acylindrical_unsupported
33230,FailedImport.acylindrical_unsupported
33231,FailedImport.acylindrical_unsupported
33232,FailedImport.acylindrical_unsupported
33233,FailedImport.acylindrical_unsupported
33234,FailedImport.acylindrical_unsupported
33235,FailedImport.acylindrical_unsupported
33236,FailedImport.acylindrical_unsupported
33237,FailedImport.acylindrical_unsupported
34606,FailedImport.acylindrical_unsupported
34607,FailedImport.acylindrical_unsupported
34608,FailedImport.acylindrical_unsupported
34611,FailedImport.acylindrical_unsupported
34612,FailedImport.acylindrical_unsupported
34613,FailedImport.acylindrical_unsupported
34614,FailedImport.acylindrical_unsupported
34616,FailedImport.acylindrical_unsupported
34618,FailedImport.acylindrical_unsupported
34619,FailedImport.acylindrical_unsupported
34620,FailedImport.acylindrical_unsupported
34621,FailedImport.acylindrical_unsupported
34622,FailedImport.acylindrical_unsupported
34623,FailedImport.acylindrical_unsupported
34624,FailedImport.acylindrical_unsupported
34626,FailedImport.acylindrical_unsupported
34627,FailedImport.acylindrical_unsupported
34628,FailedImport.acylindrical_unsupported
34629,FailedImport.acylindrical_unsupported
34631,FailedImport.acylindrical_unsupported
34632,FailedImport.acylindrical_unsupported
34633,FailedImport.acylindrical_unsupported
34634,FailedImport.acylindrical_unsupported
34636,FailedImport.acylindrical_unsupported
34638,FailedImport.acylindrical_unsupported
34639,FailedImport.acylindrical_unsupported
34640,FailedImport.acylindrical_unsupported
34641,FailedImport.acylindrical_unsupported
34642,FailedImport.acylindrical_unsupported
34643,FailedImport.acylindrical_unsupported
34644,FailedImport.acylindrical_unsupported
34646,FailedImport.acylindrical_unsupported
34648,FailedImport.acylindrical_unsupported
34649,FailedImport.acylindrical_unsupported
34650,FailedImport.acylindrical_unsupported
34652,FailedImport.acylindrical_unsupported
34653,FailedImport.acylindrical_unsupported
34654,FailedImport.acylindrical_unsupported
34655,FailedImport.acylindrical_unsupported
34657,FailedImport.acylindrical_unsupported
34659,FailedImport.acylindrical_unsupported
34660,FailedImport.acylindrical_unsupported
34661,FailedImport.acylindrical_unsupported
34662,FailedImport.acylindrical_unsupported
34663,FailedImport.acylindrical_unsupported
34664,FailedImport.acylindrical_unsupported
34665,FailedImport.acylindrical_unsupported
34667,FailedImport.acylindrical_unsupported
34668,FailedImport.acylindrical_unsupported
34669,FailedImport.acylindrical_unsupported
34670,FailedImport.acylindrical_unsupported
34672,FailedImport.acylindrical_unsupported
34673,FailedImport.acylindrical_unsupported
34674,FailedImport.acylindrical_unsupported
34675,FailedImport.acylindrical_unsupported
34677,FailedImport.acylindrical_unsupported
34679,FailedImport.acylindrical_unsupported
34680,FailedImport.acylindrical_unsupported
34681,FailedImport.acylindrical_unsupported
34682,FailedImport.acylindrical_unsupported
34683,FailedImport.acylindrical_unsupported
34684,FailedImport.acylindrical_unsupported
34685,FailedImport.acylindrical_unsupported
34752,FailedImport.no_primary_surface
34753,FailedImport.no_primary_surface
34754,FailedImport.no_primary_surface
34755,FailedImport.no_primary_surface
34757,FailedImport.no_primary_surface
34758,FailedImport.no_primary_surface
34759,FailedImport.no_primary_surface
34760,FailedImport.no_primary_surface
34761,FailedImport.no_primary_surface
34985,FailedImport.no_primary_surface
34986,FailedImport.no_primary_surface
34987,FailedImport.no_primary_surface
34988,FailedImport.no_primary_surface
34989,FailedImport.no_primary_surface
34992,FailedImport.no_primary_surface
34993,FailedImport.no_primary_surface
34994,FailedImport.no_primary_surface
34995,FailedImport.no_primary_surface
34997,FailedImport.no_primary_surface
34998,FailedImport.no_primary_surface
34999,FailedImport.no_primary_surface
35000,FailedImport.no_primary_surface
35001,FailedImport.no_primary_surface
35004,FailedImport.no_primary_surface
35005,FailedImport.no_primary_surface
35006,FailedImport.no_primary_surface
35007,FailedImport.no_primary_surface
35009,FailedImport.no_primary_surface
35010,FailedImport.no_primary_surface
35011,FailedImport.no_primary_surface
35012,FailedImport.no_primary_surface
35013,FailedImport.no_primary_surface
35016,FailedImport.no_primary_surface
35017,FailedImport.no_primary_surface
35018,FailedImport.no_primary_surface
35019,FailedImport.no_primary_surface
35020,FailedImport.no_primary_surface
35021,FailedImport.no_primary_surface
35022,FailedImport.no_primary_surface
35023,FailedImport.no_primary_surface
35024,FailedImport.no_primary_surface
35025,FailedImport.no_primary_surface
35026,FailedImport.no_primary_surface
35027,FailedImport.no_primary_surface
35028,FailedImport.no_primary_surface
35544,FailedImport.mirrors_unsupported
35726000,FailedImport.mirrors_unsupported
35726522,FailedImport.mirrors_unsupported
35726533,FailedImport.mirrors_unsupported
35726566,FailedImport.mirrors_unsupported
35730000,FailedImport.mirrors_unsupported
35730522,FailedImport.mirrors_unsupported
35730533,FailedImport.mirrors_unsupported
35730566,FailedImport.mirrors_unsupported
36089,FailedImport.no_primary_surface
36090,FailedImport.no_primary_surface
36091,FailedImport.no_primary_surface
36092,FailedImport.no_primary_surface
36094,FailedImport.no_primary_surface
36095,FailedImport.no_primary_surface
36096,FailedImport.acylindrical_unsupported
36098,FailedImport.no_primary_surface
36099,FailedImport.no_primary_surface
36100,FailedImport.no_primary_surface
36101,FailedImport.no_primary_surface
36103,FailedImport.no_primary_surface
36104,FailedImport.no_primary_surface
36105,FailedImport.no_primary_surface
36107,FailedImport.no_primary_surface
36108,FailedImport.no_primary_surface
36109,FailedImport.no_primary_surface
36110,FailedImport.no_primary_surface
36112,FailedImport.no_primary_surface
36113,FailedImport.no_primary_surface
36114,FailedImport.acylindrical_unsupported
36116,FailedImport.no_primary_surface
36117,FailedImport.no_primary_surface
36118,FailedImport.no_primary_surface
36119,FailedImport.no_primary_surface
36122,FailedImport.no_primary_surface
36123,FailedImport.acylindrical_unsupported
36129,FailedImport.no_primary_surface
36187,FailedImport.manual_exclusion
36208,FailedImport.no_primary_surface
36209,FailedImport.no_primary_surface
36210,FailedImport.no_primary_surface
36211,FailedImport.no_primary_surface
36212,FailedImport.no_primary_surface
36213,FailedImport.no_primary_surface
36214,FailedImport.no_primary_surface
36215,FailedImport.no_primary_surface
36216,FailedImport.no_primary_surface
36217,FailedImport.no_primary_surface
36218,FailedImport.no_primary_surface
36219,FailedImport.no_primary_surface
36220,FailedImport.no_primary_surface
36222,FailedImport.no_primary_surface
36223,FailedImport.no_primary_surface
36224,FailedImport.no_primary_surface
36225,FailedImport.no_primary_surface
36226,FailedImport.no_primary_surface
36227,FailedImport.no_primary_surface
36228,FailedImport.no_primary_surface
36229,FailedImport.no_primary_surface
36230,FailedImport.no_primary_surface
36231,FailedImport.no_primary_surface
36232,FailedImport.no_primary_surface
36233,FailedImport.no_primary_surface
36234,FailedImport.no_primary_surface
36235,FailedImport.no_primary_surface
37101,FailedImport.unknown_material_type
37105,FailedImport.unknown_material_type
37106,FailedImport.unknown_material_type
37107,FailedImport.unknown_material_type
37108,FailedImport.unknown_material_type
37112,FailedImport.glass_undefined
37113,FailedImport.glass_undefined
37114,FailedImport.glass_undefined
37226,FailedImport.mirrors_unsupported
37227,FailedImport.mirrors_unsupported
37228,FailedImport.mirrors_unsupported
37229,FailedImport.mirrors_unsupported
37230,FailedImport.mirrors_unsupported
37232,FailedImport.mirrors_unsupported
37233,FailedImport.mirrors_unsupported
37234,FailedImport.mirrors_unsupported
37235,FailedImport.mirrors_unsupported
37236,FailedImport.mirrors_unsupported
37237,FailedImport.mirrors_unsupported
37238,FailedImport.mirrors_unsupported
37239,FailedImport.mirrors_unsupported
37241,FailedImport.mirrors_unsupported
37242,FailedImport.mirrors_unsupported
37243,FailedImport.mirrors_unsupported
37244,FailedImport.mirrors_unsupported
37245,FailedImport.mirrors_unsupported
37246,FailedImport.mirrors_unsupported
37247,FailedImport.mirrors_unsupported
37248,FailedImport.mirrors_unsupported
37258,FailedImport.mirrors_unsupported
37259,FailedImport.mirrors_unsupported
37260,FailedImport.mirrors_unsupported
37261,FailedImport.mirrors_unsupported
37262,FailedImport.mirrors_unsupported
37263,FailedImport.mirrors_unsupported
37264,FailedImport.mirrors_unsupported
37265,FailedImport.mirrors_unsupported
37266,FailedImport.mirrors_unsupported
37267,FailedImport.mirrors_unsupported
37268,FailedImport.mirrors_unsupported
37269,FailedImport.mirrors_unsupported
37270,FailedImport.mirrors_unsupported
37271,FailedImport.mirrors_unsupported
37272,FailedImport.mirrors_unsupported
37273,FailedImport.mirrors_unsupported
37274,FailedImport.mirrors_unsupported
37275,FailedImport.mirrors_unsupported
37282,FailedImport.mirrors_unsupported
37283,FailedImport.mirrors_unsupported
37284,FailedImport.mirrors_unsupported
37285,FailedImport.mirrors_unsupported
37286,FailedImport.mirrors_unsupported
37287,FailedImport.mirrors_unsupported
37288,FailedImport.mirrors_unsupported
37289,FailedImport.mirrors_unsupported
37290,FailedImport.mirrors_unsupported
37291,FailedImport.mirrors_unsupported
37292,FailedImport.mirrors_unsupported
37293,FailedImport.mirrors_unsupported
37294,FailedImport.mirrors_unsupported
37295,FailedImport.mirrors_unsupported
37296,FailedImport.mirrors_unsupported
37297,FailedImport.mirrors_unsupported
37298,FailedImport.mirrors_unsupported
37299,FailedImport.mirrors_unsupported
37306,FailedImport.mirrors_unsupported
37307,FailedImport.mirrors_unsupported
37308,FailedImport.mirrors_unsupported
37309,FailedImport.mirrors_unsupported
37573,FailedImport.no_primary_surface
37574,FailedImport.no_primary_surface
37575,FailedImport.no_primary_surface
37576,FailedImport.no_primary_surface
37578,FailedImport.no_primary_surface
37579,FailedImport.no_primary_surface
37580,FailedImport.acylindrical_unsupported
37582,FailedImport.no_primary_surface
37583,FailedImport.no_primary_surface
37584,FailedImport.no_primary_surface
37585,FailedImport.no_primary_surface
37587,FailedImport.no_primary_surface
37588,FailedImport.no_primary_surface
37589,FailedImport.acylindrical_unsupported
37591,FailedImport.no_primary_surface
37592,FailedImport.no_primary_surface
37593,FailedImport.no_primary_surface
37594,FailedImport.no_primary_surface
37599,FailedImport.no_primary_surface
37601,FailedImport.no_primary_surface
37602,FailedImport.acylindrical_unsupported
37605,FailedImport.no_primary_surface
37606,FailedImport.no_primary_surface
37607,FailedImport.no_primary_surface
37610,FailedImport.no_primary_surface
37612,FailedImport.no_primary_surface
37613,FailedImport.no_primary_surface
37614,FailedImport.acylindrical_unsupported
40913,FailedImport.mirrors_unsupported
41131,FailedImport.mirrors_unsupported
42583,FailedImport.mirrors_unsupported
42584,FailedImport.mirrors_unsupported
43011,FailedImport.fresnet_unsupported
43012,FailedImport.fresnet_unsupported
43013,FailedImport.fresnet_unsupported
43015,FailedImport.fresnet_unsupported
43017,FailedImport.fresnet_unsupported
43018,FailedImport.fresnet_unsupported
43019,FailedImport.fresnet_unsupported
43020,FailedImport.fresnet_unsupported
43021,FailedImport.fresnet_unsupported
43022,FailedImport.fresnet_unsupported
43023,FailedImport.fresnet_unsupported
43024,FailedImport.fresnet_unsupported
43025,FailedImport.fresnet_unsupported
43033,FailedImport.fresnet_unsupported
43335,FailedImport.mirrors_unsupported
43336,FailedImport.mirrors_unsupported
43337,FailedImport.mirrors_unsupported
43338,FailedImport.mirrors_unsupported
43339,FailedImport.mirrors_unsupported
43340,FailedImport.mirrors_unsupported
43341,FailedImport.mirrors_unsupported
43342,FailedImport.mirrors_unsupported
43343,FailedImport.mirrors_unsupported
43344,FailedImport.mirrors_unsupported
43345,FailedImport.mirrors_unsupported
43346,FailedImport.mirrors_unsupported
43347,FailedImport.mirrors_unsupported
43348,FailedImport.mirrors_unsupported
43349,FailedImport.mirrors_unsupported
43350,FailedImport.mirrors_unsupported
43351,FailedImport.mirrors_unsupported
43352,FailedImport.mirrors_unsupported
43353,FailedImport.mirrors_unsupported
43354,FailedImport.mirrors_unsupported
43355,FailedImport.mirrors_unsupported
43462,FailedImport.mirrors_unsupported
43463,FailedImport.mirrors_unsupported
43464,FailedImport.mirrors_unsupported
43465,FailedImport.mirrors_unsupported
43466,FailedImport.mirrors_unsupported
43467,FailedImport.mirrors_unsupported
43468,FailedImport.mirrors_unsupported
43469,FailedImport.mirrors_unsupported
43470,FailedImport.mirrors_unsupported
43471,FailedImport.mirrors_unsupported
43535,FailedImport.mirrors_unsupported
43536,FailedImport.mirrors_unsupported
43537,FailedImport.mirrors_unsupported
43538,FailedImport.mirrors_unsupported
43539,FailedImport.mirrors_unsupported
43540,FailedImport.mirrors_unsupported
43541,FailedImport.mirrors_unsupported
43542,FailedImport.mirrors_unsupported
43543,FailedImport.mirrors_unsupported
43544,FailedImport.mirrors_unsupported
43545,FailedImport.mirrors_unsupported
43546,FailedImport.mirrors_unsupported
43547,FailedImport.mirrors_unsupported
43548,FailedImport.mirrors_unsupported
43549,FailedImport.mirrors_unsupported
43550,FailedImport.mirrors_unsupported
43551,FailedImport.mirrors_unsupported
43552,FailedImport.mirrors_unsupported
43553,FailedImport.mirrors_unsupported
43554,FailedImport.mirrors_unsupported
43555,FailedImport.mirrors_unsupported
43556,FailedImport.mirrors_unsupported
43557,FailedImport.mirrors_unsupported
43558,FailedImport.mirrors_unsupported
43559,FailedImport.mirrors_unsupported
43560,FailedImport.mirrors_unsupported
43561,FailedImport.mirrors_unsupported
43562,FailedImport.mirrors_unsupported
43563,FailedImport.mirrors_unsupported
43564,FailedImport.mirrors_unsupported
43565,FailedImport.mirrors_unsupported
43566,FailedImport.mirrors_unsupported
43567,FailedImport.mirrors_unsupported
43568,FailedImport.mirrors_unsupported
43569,FailedImport.mirrors_unsupported
43570,FailedImport.mirrors_unsupported
43571,FailedImport.mirrors_unsupported
43572,FailedImport.mirrors_unsupported
43573,FailedImport.mirrors_unsupported
43574,FailedImport.mirrors_unsupported
43575,FailedImport.mirrors_unsupported
43576,FailedImport.mirrors_unsupported
43577,FailedImport.mirrors_unsupported
43578,FailedImport.mirrors_unsupported
43579,FailedImport.mirrors_unsupported
43580,FailedImport.mirrors_unsupported
43581,FailedImport.mirrors_unsupported
43582,FailedImport.mirrors_unsupported
43583,FailedImport.mirrors_unsupported
43584,FailedImport.mirrors_unsupported
43585,FailedImport.mirrors_unsupported
43586,FailedImport.mirrors_unsupported
43587,FailedImport.mirrors_unsupported
43588,FailedImport.mirrors_unsupported
43589,FailedImport.mirrors_unsupported
43590,FailedImport.mirrors_unsupported
43591,FailedImport.mirrors_unsupported
43674,FailedImport.mirrors_unsupported
43825,FailedImport.mirrors_unsupported
43826,FailedImport.mirrors_unsupported
43833,FailedImport.mirrors_unsupported
43834,FailedImport.mirrors_unsupported
43835,FailedImport.mirrors_unsupported
43836,FailedImport.mirrors_unsupported
43837,FailedImport.mirrors_unsupported
43838,FailedImport.mirrors_unsupported
43839,FailedImport.mirrors_unsupported
43840,FailedImport.mirrors_unsupported
43841,FailedImport.mirrors_unsupported
43856,FailedImport.no_primary_surface
43857,FailedImport.no_primary_surface
43858,FailedImport.no_primary_surface
43859,FailedImport.no_primary_surface
43860,FailedImport.no_primary_surface
43861,FailedImport.no_primary_surface
43862,FailedImport.no_primary_surface
43963,FailedImport.mirrors_unsupported
43964,FailedImport.mirrors_unsupported
43965,FailedImport.mirrors_unsupported
43966,FailedImport.mirrors_unsupported
43967,FailedImport.mirrors_unsupported
43968,FailedImport.mirrors_unsupported
43969,FailedImport.mirrors_unsupported
43970,FailedImport.mirrors_unsupported
43971,FailedImport.mirrors_unsupported
43972,FailedImport.mirrors_unsupported
43992,FailedImport.doublet_pairs_unsupported
43993,FailedImport.doublet_pairs_unsupported
43994,FailedImport.doublet_pairs_unsupported
43995,FailedImport.unknown_material_type
43996,FailedImport.doublet_pairs_unsupported
43997,FailedImport.unknown_material_type
43998,FailedImport.unknown_material_type
43999,FailedImport.unknown_material_type
45216INK,FailedImport.unknown_material_type
45251,FailedImport.manual_exclusion
45587,FailedImport.unknown
45759,FailedImport.unknown_material_type
45760,FailedImport.unknown
45761,FailedImport.unknown
45762,FailedImport.unknown
45856,FailedImport.diameter_undefined
45940,FailedImport.no_primary_surface
45941,FailedImport.no_primary_surface
45942,FailedImport.no_primary_surface
45943,FailedImport.no_primary_surface
45981,FailedImport.acylindrical_unsupported
45982,FailedImport.acylindrical_unsupported
45983,FailedImport.acylindrical_unsupported
46000,FailedImport.doublet_pairs_unsupported
46001,FailedImport.doublet_pairs_unsupported
46002,FailedImport.doublet_pairs_unsupported
46003,FailedImport.doublet_pairs_unsupported
46004,FailedImport.doublet_pairs_unsupported
46005,FailedImport.doublet_pairs_unsupported
46006,FailedImport.doublet_pairs_unsupported
46007,FailedImport.doublet_pairs_unsupported
46008,FailedImport.doublet_pairs_unsupported
46009,FailedImport.doublet_pairs_unsupported
46010,FailedImport.doublet_pairs_unsupported
46011,FailedImport.doublet_pairs_unsupported
46012,FailedImport.doublet_pairs_unsupported
46015,FailedImport.acylindrical_unsupported
46016,FailedImport.acylindrical_unsupported
46017,FailedImport.acylindrical_unsupported
46018,FailedImport.acylindrical_unsupported
46019,FailedImport.acylindrical_unsupported
46020,FailedImport.no_primary_surface
46021,FailedImport.no_primary_surface
46022,FailedImport.no_primary_surface
46023,FailedImport.no_primary_surface
46024,FailedImport.no_primary_surface
46107,FailedImport.fresnet_unsupported
46108,FailedImport.fresnet_unsupported
46109,FailedImport.fresnet_unsupported
46110,FailedImport.fresnet_unsupported
46112,FailedImport.fresnet_unsupported
46113,FailedImport.fresnet_unsupported
46114,FailedImport.fresnet_unsupported
46191,FailedImport.acylindrical_unsupported
46192,FailedImport.acylindrical_unsupported
46193,FailedImport.acylindrical_unsupported
46194,FailedImport.acylindrical_unsupported
46195,FailedImport.acylindrical_unsupported
46196,FailedImport.acylindrical_unsupported
46197,FailedImport.acylindrical_unsupported
46198,FailedImport.no_primary_surface
46199,FailedImport.no_primary_surface
46200,FailedImport.no_primary_surface
46227,FailedImport.manual_exclusion
46231,FailedImport.mirrors_unsupported
46232,FailedImport.mirrors_unsupported
46233,FailedImport.mirrors_unsupported
46234,FailedImport.mirrors_unsupported
46235,FailedImport.mirrors_unsupported
46236,FailedImport.mirrors_unsupported
46237,FailedImport.mirrors_unsupported
46238,FailedImport.mirrors_unsupported
46239,FailedImport.mirrors_unsupported
46341,FailedImport.unknown_material_type
46343,FailedImport.unknown_material_type
46344,FailedImport.unknown_material_type
46347,FailedImport.unknown_material_type
46351,FailedImport.unknown_material_type
46355,FailedImport.unknown_material_type
46371,FailedImport.unknown_material_type
46373,FailedImport.unknown_material_type
46374,FailedImport.unknown_material_type
46377,FailedImport.unknown_material_type
46381,FailedImport.unknown_material_type
46385,FailedImport.unknown_material_type
46389,FailedImport.fresnet_unsupported
46390,FailedImport.fresnet_unsupported
46391,FailedImport.fresnet_unsupported
46392,FailedImport.fresnet_unsupported
46393,FailedImport.fresnet_unsupported
47085,FailedImport.mirrors_unsupported
47086,FailedImport.mirrors_unsupported
47087,FailedImport.mirrors_unsupported
47088,FailedImport.mirrors_unsupported
47089,FailedImport.mirrors_unsupported
47090,FailedImport.mirrors_unsupported
47091,FailedImport.mirrors_unsupported
47092,FailedImport.mirrors_unsupported
47093,FailedImport.mirrors_unsupported
47094,FailedImport.mirrors_unsupported
47095,FailedImport.mirrors_unsupported
47096,FailedImport.mirrors_unsupported
47097,FailedImport.mirrors_unsupported
47098,FailedImport.mirrors_unsupported
47099,FailedImport.mirrors_unsupported
47100,FailedImport.mirrors_unsupported
47103,FailedImport.mirrors_unsupported
47104,FailedImport.mirrors_unsupported
47105,FailedImport.mirrors_unsupported
47106,FailedImport.mirrors_unsupported
47107,FailedImport.mirrors_unsupported
47108,FailedImport.mirrors_unsupported
47109,FailedImport.mirrors_unsupported
47110,FailedImport.mirrors_unsupported
47142,FailedImport.unknown_material_type
47143,FailedImport.unknown_material_type
47144,FailedImport.unknown_material_type
47145,FailedImport.unknown_material_type
47147,FailedImport.diameter_undefined
47218,FailedImport.unknown_material_type
47219,FailedImport.unknown_material_type
47220,FailedImport.unknown_material_type
47221,FailedImport.unknown_material_type
47222,FailedImport.unknown_material_type
47223,FailedImport.unknown_material_type
47224,FailedImport.unknown_material_type
47225,FailedImport.unknown_material_type
47226,FailedImport.unknown_material_type
47227,FailedImport.unknown_material_type
47228,FailedImport.unknown_material_type
47229,FailedImport.unknown_material_type
47293,FailedImport.doublet_pairs_unsupported
47294,FailedImport.doublet_pairs_unsupported
47295,FailedImport.doublet_pairs_unsupported
47296,FailedImport.doublet_pairs_unsupported
47297,FailedImport.doublet_pairs_unsupported
47298,FailedImport.doublet_pairs_unsupported
47299,FailedImport.doublet_pairs_unsupported
47300,FailedImport.doublet_pairs_unsupported
47301,FailedImport.doublet_pairs_unsupported
47302,FailedImport.doublet_pairs_unsupported
47311,FailedImport.unknown
47312,FailedImport.unknown
47313,FailedImport.unknown
47438,FailedImport.unknown_material_type
47439,FailedImport.unknown_material_type
47440,FailedImport.unknown_material_type
47441,FailedImport.unknown_material_type
47442,FailedImport.unknown_material_type
47443,FailedImport.unknown_material_type
47444,FailedImport.unknown_material_type
47445,FailedImport.unknown_material_type
47446,FailedImport.unknown_material_type
47447,FailedImport.unknown_material_type
47448,FailedImport.unknown_material_type
47449,FailedImport.unknown_material_type
47450,FailedImport.unknown_material_type
47451,FailedImport.unknown_material_type
47452,FailedImport.unknown_material_type
47453,FailedImport.unknown_material_type
47454,FailedImport.unknown_material_type
47455,FailedImport.unknown_material_type
47456,FailedImport.unknown_material_type
47457,FailedImport.unknown_material_type
47597,FailedImport.unknown_material_type
47598,FailedImport.unknown_material_type
47599,FailedImport.unknown_material_type
47600,FailedImport.unknown_material_type
47613,FailedImport.unknown
47627,FailedImport.no_primary_surface
47673,FailedImport.manual_exclusion
47674,FailedImport.manual_exclusion
47675,FailedImport.manual_exclusion
47742,FailedImport.acylindrical_unsupported
47743,FailedImport.acylindrical_unsupported
47744,FailedImport.acylindrical_unsupported
47745,FailedImport.acylindrical_unsupported
47746,FailedImport.acylindrical_unsupported
47748,FailedImport.acylindrical_unsupported
47749,FailedImport.acylindrical_unsupported
47750,FailedImport.acylindrical_unsupported
47751,FailedImport.acylindrical_unsupported
47752,FailedImport.acylindrical_unsupported
47753,FailedImport.acylindrical_unsupported
47754,FailedImport.acylindrical_unsupported
47755,FailedImport.acylindrical_unsupported
47756,FailedImport.acylindrical_unsupported
47757,FailedImport.acylindrical_unsupported
47758,FailedImport.acylindrical_unsupported
47760,FailedImport.acylindrical_unsupported
47761,FailedImport.acylindrical_unsupported
47762,FailedImport.acylindrical_unsupported
47763,FailedImport.no_primary_surface
47764,FailedImport.no_primary_surface
47765,FailedImport.no_primary_surface
47766,FailedImport.no_primary_surface
47767,FailedImport.acylindrical_unsupported
47768,FailedImport.acylindrical_unsupported
47769,FailedImport.acylindrical_unsupported
47770,FailedImport.acylindrical_unsupported
47771,FailedImport.acylindrical_unsupported
47773,FailedImport.no_primary_surface
47774,FailedImport.no_primary_surface
47775,FailedImport.no_primary_surface
47955,FailedImport.acylindrical_unsupported
47956,FailedImport.acylindrical_unsupported
47958,FailedImport.no_primary_surface
47959,FailedImport.no_primary_surface
47960,FailedImport.no_primary_surface
47962,FailedImport.acylindrical_unsupported
47963,FailedImport.acylindrical_unsupported
47964,FailedImport.acylindrical_unsupported
47965,FailedImport.acylindrical_unsupported
47968,FailedImport.no_primary_surface
47969,FailedImport.no_primary_surface
48134,FailedImport.unknown_material_type
48135,FailedImport.unknown_material_type
48136,FailedImport.unknown_material_type
48137,FailedImport.unknown_material_type
48139,FailedImport.unknown_material_type
48140,FailedImport.unknown_material_type
48141,FailedImport.unknown_material_type
48143,FailedImport.unknown_material_type
48144,FailedImport.unknown_material_type
48147,FailedImport.unknown_material_type
48149,FailedImport.unknown_material_type
48150,FailedImport.unknown_material_type
48153,FailedImport.unknown_material_type
48154,FailedImport.unknown_material_type
48155,FailedImport.unknown_material_type
48352,FailedImport.acylindrical_unsupported
48353,FailedImport.acylindrical_unsupported
48354,FailedImport.acylindrical_unsupported
48355,FailedImport.acylindrical_unsupported
48356,FailedImport.acylindrical_unsupported
48357,FailedImport.acylindrical_unsupported
48358,FailedImport.acylindrical_unsupported
48359,FailedImport.acylindrical_unsupported
48360,FailedImport.acylindrical_unsupported
48361,FailedImport.acylindrical_unsupported
48362,FailedImport.acylindrical_unsupported
48363,FailedImport.no_primary_surface
48364,FailedImport.no_primary_surface
48365,FailedImport.no_primary_surface
48366,FailedImport.no_primary_surface
48367,FailedImport.no_primary_surface
48368,FailedImport.no_primary_surface
48369,FailedImport.no_primary_surface
48370,FailedImport.no_primary_surface
48371,FailedImport.acylindrical_unsupported
48372,FailedImport.acylindrical_unsupported
48373,FailedImport.acylindrical_unsupported
48374,FailedImport.acylindrical_unsupported
48375,FailedImport.acylindrical_unsupported
48376,FailedImport.acylindrical_unsupported
48377,FailedImport.acylindrical_unsupported
48378,FailedImport.acylindrical_unsupported
48379,FailedImport.acylindrical_unsupported
48380,FailedImport.acylindrical_unsupported
48381,FailedImport.acylindrical_unsupported
48382,FailedImport.acylindrical_unsupported
48434,FailedImport.unknown_material_type
48435,FailedImport.unknown_material_type
48436,FailedImport.unknown_material_type
48437,FailedImport.unknown_material_type
48438,FailedImport.unknown_material_type
48439,FailedImport.unknown_material_type
48440,FailedImport.unknown_material_type
48441,FailedImport.unknown_material_type
48442,FailedImport.unknown_material_type
48443,FailedImport.unknown_material_type
48444,FailedImport.unknown_material_type
48470,FailedImport.unknown_material_type
49595,FailedImport.mirrors_unsupported
49596,FailedImport.mirrors_unsupported
49597,FailedImport.mirrors_unsupported
49598,FailedImport.mirrors_unsupported
49599,FailedImport.mirrors_unsupported
49600,FailedImport.mirrors_unsupported
49601,FailedImport.mirrors_unsupported
49602,FailedImport.mirrors_unsupported
49603,FailedImport.mirrors_unsupported
49604,FailedImport.mirrors_unsupported
49605,FailedImport.mirrors_unsupported
49606,FailedImport.mirrors_unsupported
49607,FailedImport.mirrors_unsupported
49608,FailedImport.mirrors_unsupported
49609,FailedImport.mirrors_unsupported
49610,FailedImport.mirrors_unsupported
49611,FailedImport.mirrors_unsupported
49612,FailedImport.mirrors_unsupported
49613,FailedImport.mirrors_unsupported
49614,FailedImport.mirrors_unsupported
49615,FailedImport.mirrors_unsupported
49616,FailedImport.mirrors_unsupported
49617,FailedImport.mirrors_unsupported
49618,FailedImport.mirrors_unsupported
49619,FailedImport.mirrors_unsupported
49656,FailedImport.unknown_material_type
49657,FailedImport.unknown_material_type
49658,FailedImport.unknown_material_type
49659,FailedImport.unknown_material_type
49660,FailedImport.unknown_material_type
49662,FailedImport.unknown_material_type
49663,FailedImport.unknown_material_type
49664,FailedImport.unknown_material_type
49665,FailedImport.unknown_material_type
50051,FailedImport.mirrors_unsupported
50082,FailedImport.mirrors_unsupported
54087,FailedImport.no_primary_surface
54088,FailedImport.no_primary_surface
54089,FailedImport.no_primary_surface
54090,FailedImport.no_primary_surface
55270,FailedImport.doublet_pairs_unsupported
55271,FailedImport.doublet_pairs_unsupported
55272,FailedImport.doublet_pairs_unsupported
55273,FailedImport.unknown_material_type
55274,FailedImport.unknown_material_type
55275,FailedImport.doublet_pairs_unsupported
55276,FailedImport.unknown_material_type
55277,FailedImport.doublet_pairs_unsupported
55278,FailedImport.doublet_pairs_unsupported
55279,FailedImport.unknown_material_type
55280,FailedImport.doublet_pairs_unsupported
63108,FailedImport.unknown_material_type
63180,FailedImport.mirrors_unsupported
63181,FailedImport.mirrors_unsupported
63182,FailedImport.mirrors_unsupported
63183,FailedImport.mirrors_unsupported
63184,FailedImport.mirrors_unsupported
63185,FailedImport.mirrors_unsupported
63186,FailedImport.mirrors_unsupported
63187,FailedImport.mirrors_unsupported
63188,FailedImport.mirrors_unsupported
63189,FailedImport.mirrors_unsupported
63190,FailedImport.mirrors_unsupported
63191,FailedImport.mirrors_unsupported
63192,FailedImport.mirrors_unsupported
63193,FailedImport.mirrors_unsupported
63194,FailedImport.mirrors_unsupported
63195,FailedImport.mirrors_unsupported
63196,FailedImport.mirrors_unsupported
63197,FailedImport.mirrors_unsupported
63198,FailedImport.mirrors_unsupported
63199,FailedImport.mirrors_unsupported
63200,FailedImport.mirrors_unsupported
63201,FailedImport.mirrors_unsupported
63202,FailedImport.mirrors_unsupported
63203,FailedImport.mirrors_unsupported
64055,FailedImport.mirrors_unsupported
64056,FailedImport.mirrors_unsupported
64057,FailedImport.mirrors_unsupported
64058,FailedImport.mirrors_unsupported
64059,FailedImport.mirrors_unsupported
64060,FailedImport.mirrors_unsupported
64061,FailedImport.mirrors_unsupported
64062,FailedImport.mirrors_unsupported
64063,FailedImport.mirrors_unsupported
64064,FailedImport.mirrors_unsupported
64065,FailedImport.mirrors_unsupported
64066,FailedImport.mirrors_unsupported
64067,FailedImport.mirrors_unsupported
64068,FailedImport.mirrors_unsupported
64069,FailedImport.mirrors_unsupported
64070,FailedImport.mirrors_unsupported
64071,FailedImport.mirrors_unsupported
64072,FailedImport.mirrors_unsupported
64073,FailedImport.mirrors_unsupported
64074,FailedImport.mirrors_unsupported
64075,FailedImport.mirrors_unsupported
64076,FailedImport.mirrors_unsupported
64077,FailedImport.mirrors_unsupported
64078,FailedImport.mirrors_unsupported
64079,FailedImport.mirrors_unsupported
64080,FailedImport.mirrors_unsupported
64081,FailedImport.mirrors_unsupported
64082,FailedImport.mirrors_unsupported
64765,FailedImport.unknown_material_type
64766,FailedImport.unknown_material_type
64767,FailedImport.unknown_material_type
64768,FailedImport.unknown_material_type
64769,FailedImport.unknown_material_type
64770,FailedImport.unknown_material_type
64771,FailedImport.unknown_material_type
64772,FailedImport.unknown_material_type
64773,FailedImport.unknown_material_type
64774,FailedImport.unknown_material_type
64775,FailedImport.unknown_material_type
64776,FailedImport.unknown_material_type
64777,FailedImport.unknown_material_type
64778,FailedImport.unknown_material_type
64779,FailedImport.unknown_material_type
64780,FailedImport.unknown_material_type
64781,FailedImport.unknown_material_type
64782,FailedImport.unknown_material_type
64783,FailedImport.unknown_material_type
64784,FailedImport.unknown_material_type
64785,FailedImport.unknown_material_type
64786,FailedImport.unknown_material_type
64787,FailedImport.unknown_material_type
64788,FailedImport.unknown_material_type
64789,FailedImport.unknown_material_type
64790,FailedImport.unknown_material_type
64791,FailedImport.unknown_material_type
64792,FailedImport.unknown_material_type
64793,FailedImport.unknown_material_type
64794,FailedImport.unknown_material_type
64796,FailedImport.unknown_material_type
64797,FailedImport.unknown_material_type
64798,FailedImport.unknown_material_type
64799,FailedImport.unknown_material_type
64800,FailedImport.unknown_material_type
64803,FailedImport.unknown_material_type
64804,FailedImport.unknown_material_type
64805,FailedImport.unknown_material_type
64806,FailedImport.unknown_material_type
64809,FailedImport.unknown_material_type
64810,FailedImport.unknown_material_type
64812,FailedImport.unknown_material_type
64837,FailedImport.unknown
64838,FailedImport.unknown
64839,FailedImport.unknown
64840,FailedImport.unknown
65029,FailedImport.unknown
65033,FailedImport.unknown
65986,FailedImport.diffractive_optics_unsupported
65987,FailedImport.diffractive_optics_unsupported
65988,FailedImport.diffractive_optics_unsupported
65989,FailedImport.diffractive_optics_unsupported
65990,FailedImport.diffractive_optics_unsupported
65991,FailedImport.diffractive_optics_unsupported
65992,FailedImport.diffractive_optics_unsupported
65993,FailedImport.diffractive_optics_unsupported
65994,FailedImport.diffractive_optics_unsupported
65995,FailedImport.diffractive_optics_unsupported
65996,FailedImport.diffractive_optics_unsupported
65997,FailedImport.diffractive_optics_unsupported
65998,FailedImport.diffractive_optics_unsupported
65999,FailedImport.diffractive_optics_unsupported
66000,FailedImport.diffractive_optics_unsupported
66001,FailedImport.diffractive_optics_unsupported
66002,FailedImport.diffractive_optics_unsupported
66003,FailedImport.diffractive_optics_unsupported
66004,FailedImport.diffractive_optics_unsupported
66005,FailedImport.diffractive_optics_unsupported
66006,FailedImport.unknown_material_type
66007,FailedImport.unknown_material_type
66008,FailedImport.unknown_material_type
66009,FailedImport.unknown_material_type
66010,FailedImport.unknown_material_type
66011,FailedImport.unknown_material_type
66012,FailedImport.unknown_material_type
66013,FailedImport.unknown_material_type
66014,FailedImport.unknown_material_type
66015,FailedImport.unknown_material_type
66016,FailedImport.unknown_material_type
66017,FailedImport.unknown_material_type
66018,FailedImport.unknown_material_type
66019,FailedImport.unknown_material_type
66020,FailedImport.unknown_material_type
66021,FailedImport.unknown_material_type
66022,FailedImport.unknown_material_type
66023,FailedImport.unknown_material_type
66024,FailedImport.unknown_material_type
66025,FailedImport.unknown_material_type
66026,FailedImport.unknown_material_type
66749,FailedImport.missing_aspheric_surface
66750,FailedImport.missing_aspheric_surface
66751,FailedImport.missing_aspheric_surface
66752,FailedImport.missing_aspheric_surface
66753,FailedImport.missing_aspheric_surface
66754,FailedImport.missing_aspheric_surface
66755,FailedImport.missing_aspheric_surface
66756,FailedImport.missing_aspheric_surface
66757,FailedImport.missing_aspheric_surface
66758,FailedImport.missing_aspheric_surface
66759,FailedImport.missing_aspheric_surface
66760,FailedImport.missing_aspheric_surface
66761,FailedImport.missing_aspheric_surface
66762,FailedImport.missing_aspheric_surface
66763,FailedImport.missing_aspheric_surface
66764,FailedImport.missing_aspheric_surface
66765,FailedImport.missing_aspheric_surface
66766,FailedImport.missing_aspheric_surface
67417,FailedImport.manual_exclusion
67418,FailedImport.manual_exclusion
67422,FailedImport.manual_exclusion
67719,FailedImport.unknown_material_type
67720,FailedImport.unknown_material_type
67721,FailedImport.unknown_material_type
67722,FailedImport.unknown_material_type
67723,FailedImport.unknown_material_type
67724,FailedImport.unknown_material_type
67725,FailedImport.unknown_material_type
67726,FailedImport.unknown_material_type
67727,FailedImport.unknown_material_type
67728,FailedImport.unknown_material_type
68024,FailedImport.acylindrical_unsupported
68025,FailedImport.acylindrical_unsupported
68026,FailedImport.acylindrical_unsupported
68027,FailedImport.acylindrical_unsupported
68028,FailedImport.acylindrical_unsupported
68029,FailedImport.no_primary_surface
68030,FailedImport.no_primary_surface
68031,FailedImport.no_primary_surface
68032,FailedImport.no_primary_surface
68033,FailedImport.no_primary_surface
68034,FailedImport.no_primary_surface
68035,FailedImport.no_primary_surface
68037,FailedImport.no_primary_surface
68038,FailedImport.acylindrical_unsupported
68039,FailedImport.acylindrical_unsupported
68040,FailedImport.acylindrical_unsupported
68041,FailedImport.acylindrical_unsupported
68042,FailedImport.acylindrical_unsupported
68043,FailedImport.no_primary_surface
68044,FailedImport.no_primary_surface
68045,FailedImport.no_primary_surface
68046,FailedImport.no_primary_surface
68047,FailedImport.no_primary_surface
68048,FailedImport.no_primary_surface
68049,FailedImport.no_primary_surface
68051,FailedImport.no_primary_surface
68052,FailedImport.no_primary_surface
68053,FailedImport.no_primary_surface
68054,FailedImport.no_primary_surface
68055,FailedImport.no_primary_surface
68056,FailedImport.no_primary_surface
68057,FailedImport.no_primary_surface
68058,FailedImport.no_primary_surface
68060,FailedImport.no_primary_surface
68061,FailedImport.no_primary_surface
68062,FailedImport.no_primary_surface
68063,FailedImport.no_primary_surface
68064,FailedImport.no_primary_surface
68065,FailedImport.no_primary_surface
68066,FailedImport.no_primary_surface
68068,FailedImport.no_primary_surface
68069,FailedImport.no_primary_surface
68070,FailedImport.no_primary_surface
68071,FailedImport.no_primary_surface
68072,FailedImport.no_primary_surface
68073,FailedImport.no_primary_surface
68074,FailedImport.no_primary_surface
68075,FailedImport.no_primary_surface
68077,FailedImport.no_primary_surface
68078,FailedImport.no_primary_surface
68079,FailedImport.no_primary_surface
68080,FailedImport.no_primary_surface
68081,FailedImport.no_primary_surface
68082,FailedImport.no_primary_surface
68083,FailedImport.no_primary_surface
68085,FailedImport.no_primary_surface
68105,FailedImport.missing_aspheric_surface
68106,FailedImport.missing_aspheric_surface
68107,FailedImport.unknown_material_type
68108,FailedImport.glass_undefined
68109,FailedImport.unknown_material_type
68110,FailedImport.glass_undefined
68111,FailedImport.glass_undefined
68112,FailedImport.glass_undefined
68113,FailedImport.glass_undefined
68114,FailedImport.glass_undefined
68115,FailedImport.missing_aspheric_surface
68116,FailedImport.unknown_material_type
68117,FailedImport.missing_aspheric_surface
68118,FailedImport.missing_aspheric_surface
68119,FailedImport.missing_aspheric_surface
68120,FailedImport.unknown_material_type
68121,FailedImport.glass_undefined
68122,FailedImport.unknown_material_type
68123,FailedImport.glass_undefined
68124,FailedImport.glass_undefined
68125,FailedImport.glass_undefined
68126,FailedImport.glass_undefined
68127,FailedImport.glass_undefined
68128,FailedImport.missing_aspheric_surface
68129,FailedImport.unknown_material_type
68130,FailedImport.missing_aspheric_surface
68131,FailedImport.missing_aspheric_surface
68132,FailedImport.missing_aspheric_surface
68133,FailedImport.unknown_material_type
68134,FailedImport.glass_undefined
68135,FailedImport.unknown_material_type
68136,FailedImport.glass_undefined
68137,FailedImport.glass_undefined
68138,FailedImport.glass_undefined
68139,FailedImport.glass_undefined
68140,FailedImport.glass_undefined
68141,FailedImport.missing_aspheric_surface
68142,FailedImport.unknown_material_type
68143,FailedImport.missing_aspheric_surface
68144,FailedImport.missing_aspheric_surface
68145,FailedImport.missing_aspheric_surface
68146,FailedImport.unknown_material_type
68147,FailedImport.glass_undefined
68148,FailedImport.unknown_material_type
68149,FailedImport.glass_undefined
68150,FailedImport.glass_undefined
68151,FailedImport.glass_undefined
68152,FailedImport.glass_undefined
68153,FailedImport.glass_undefined
68154,FailedImport.missing_aspheric_surface
68155,FailedImport.unknown_material_type
68156,FailedImport.missing_aspheric_surface
68160,FailedImport.acylindrical_unsupported
68161,FailedImport.acylindrical_unsupported
68162,FailedImport.acylindrical_unsupported
68163,FailedImport.acylindrical_unsupported
68168,FailedImport.acylindrical_unsupported
68169,FailedImport.acylindrical_unsupported
68170,FailedImport.acylindrical_unsupported
68171,FailedImport.acylindrical_unsupported
68172,FailedImport.acylindrical_unsupported
68173,FailedImport.acylindrical_unsupported
68174,FailedImport.acylindrical_unsupported
68175,FailedImport.acylindrical_unsupported
68176,FailedImport.acylindrical_unsupported
68177,FailedImport.acylindrical_unsupported
68178,FailedImport.acylindrical_unsupported
68179,FailedImport.acylindrical_unsupported
68180,FailedImport.acylindrical_unsupported
68181,FailedImport.acylindrical_unsupported
68182,FailedImport.acylindrical_unsupported
68183,FailedImport.acylindrical_unsupported
68259,FailedImport.diffractive_optics_unsupported
68260,FailedImport.diffractive_optics_unsupported
68261,FailedImport.diffractive_optics_unsupported
68262,FailedImport.diffractive_optics_unsupported
68263,FailedImport.diffractive_optics_unsupported
68264,FailedImport.diffractive_optics_unsupported
68265,FailedImport.diffractive_optics_unsupported
68266,FailedImport.diffractive_optics_unsupported
68267,FailedImport.diffractive_optics_unsupported
68791,FailedImport.mirrors_unsupported
68792,FailedImport.mirrors_unsupported
68793,FailedImport.mirrors_unsupported
68795,FailedImport.mirrors_unsupported
68797,FailedImport.mirrors_unsupported
68798,FailedImport.mirrors_unsupported
68799,FailedImport.mirrors_unsupported
68800,FailedImport.mirrors_unsupported
68801,FailedImport.mirrors_unsupported
68802,FailedImport.mirrors_unsupported
68803,FailedImport.mirrors_unsupported
69153,FailedImport.mirrors_unsupported
69154,FailedImport.mirrors_unsupported
69155,FailedImport.mirrors_unsupported
69156,FailedImport.mirrors_unsupported
69157,FailedImport.mirrors_unsupported
69158,FailedImport.mirrors_unsupported
69159,FailedImport.mirrors_unsupported
69160,FailedImport.mirrors_unsupported
69161,FailedImport.mirrors_unsupported
69162,FailedImport.mirrors_unsupported
69163,FailedImport.mirrors_unsupported
69164,FailedImport.mirrors_unsupported
69165,FailedImport.mirrors_unsupported
69166,FailedImport.mirrors_unsupported
69167,FailedImport.mirrors_unsupported
69168,FailedImport.mirrors_unsupported
69169,FailedImport.mirrors_unsupported
69170,FailedImport.mirrors_unsupported
69171,FailedImport.mirrors_unsupported
69172,FailedImport.mirrors_unsupported
69691,FailedImport.acylindrical_unsupported
69692,FailedImport.acylindrical_unsupported
69693,FailedImport.no_primary_surface
69694,FailedImport.no_primary_surface
69695,FailedImport.no_primary_surface
69696,FailedImport.acylindrical_unsupported
69697,FailedImport.acylindrical_unsupported
69698,FailedImport.acylindrical_unsupported
69699,FailedImport.acylindrical_unsupported
69700,FailedImport.no_primary_surface
69701,FailedImport.no_primary_surface
69702,FailedImport.acylindrical_unsupported
69703,FailedImport.acylindrical_unsupported
69704,FailedImport.no_primary_surface
69705,FailedImport.no_primary_surface
69706,FailedImport.no_primary_surface
69707,FailedImport.acylindrical_unsupported
69708,FailedImport.acylindrical_unsupported
69709,FailedImport.acylindrical_unsupported
69710,FailedImport.acylindrical_unsupported
69711,FailedImport.no_primary_surface
69712,FailedImport.no_primary_surface
69714,FailedImport.acylindrical_unsupported
69715,FailedImport.acylindrical_unsupported
69716,FailedImport.acylindrical_unsupported
69717,FailedImport.acylindrical_unsupported
69718,FailedImport.acylindrical_unsupported
69719,FailedImport.acylindrical_unsupported
69720,FailedImport.acylindrical_unsupported
69721,FailedImport.no_primary_surface
69722,FailedImport.no_primary_surface
69723,FailedImport.no_primary_surface
69724,FailedImport.no_primary_surface
69725,FailedImport.no_primary_surface
69726,FailedImport.no_primary_surface
69727,FailedImport.acylindrical_unsupported
69728,FailedImport.acylindrical_unsupported
69729,FailedImport.acylindrical_unsupported
69730,FailedImport.acylindrical_unsupported
69731,FailedImport.acylindrical_unsupported
69732,FailedImport.no_primary_surface
69733,FailedImport.no_primary_surface
69734,FailedImport.no_primary_surface
69735,FailedImport.no_primary_surface
69736,FailedImport.no_primary_surface
69737,FailedImport.no_primary_surface
69738,FailedImport.no_primary_surface
69740,FailedImport.acylindrical_unsupported
69741,FailedImport.acylindrical_unsupported
69742,FailedImport.acylindrical_unsupported
69743,FailedImport.acylindrical_unsupported
69744,FailedImport.acylindrical_unsupported
69745,FailedImport.acylindrical_unsupported
69747,FailedImport.no_primary_surface
69748,FailedImport.no_primary_surface
69749,FailedImport.no_primary_surface
69750,FailedImport.no_primary_surface
69751,FailedImport.no_primary_surface
69752,FailedImport.no_primary_surface
69753,FailedImport.acylindrical_unsupported
69754,FailedImport.acylindrical_unsupported
69755,FailedImport.acylindrical_unsupported
69756,FailedImport.acylindrical_unsupported
69757,FailedImport.acylindrical_unsupported
69758,FailedImport.no_primary_surface
69759,FailedImport.no_primary_surface
69760,FailedImport.no_primary_surface
69761,FailedImport.no_primary_surface
69762,FailedImport.no_primary_surface
69763,FailedImport.no_primary_surface
69764,FailedImport.no_primary_surface
69766,FailedImport.acylindrical_unsupported
69767,FailedImport.acylindrical_unsupported
69768,FailedImport.acylindrical_unsupported
69769,FailedImport.acylindrical_unsupported
69770,FailedImport.acylindrical_unsupported
69771,FailedImport.acylindrical_unsupported
69773,FailedImport.no_primary_surface
69774,FailedImport.no_primary_surface
69775,FailedImport.no_primary_surface
69776,FailedImport.no_primary_surface
69777,FailedImport.no_primary_surface
69778,FailedImport.no_primary_surface
69779,FailedImport.acylindrical_unsupported
69780,FailedImport.acylindrical_unsupported
69781,FailedImport.acylindrical_unsupported
69782,FailedImport.acylindrical_unsupported
69783,FailedImport.acylindrical_unsupported
69784,FailedImport.no_primary_surface
69785,FailedImport.no_primary_surface
69786,FailedImport.no_primary_surface
69787,FailedImport.no_primary_surface
69788,FailedImport.no_primary_surface
69789,FailedImport.no_primary_surface
69790,FailedImport.no_primary_surface
69791,FailedImport.acylindrical_unsupported
69793,FailedImport.acylindrical_unsupported
69794,FailedImport.acylindrical_unsupported
69795,FailedImport.acylindrical_unsupported
69796,FailedImport.acylindrical_unsupported
69798,FailedImport.no_primary_surface
69799,FailedImport.no_primary_surface
69800,FailedImport.no_primary_surface
69801,FailedImport.no_primary_surface
69802,FailedImport.no_primary_surface
69803,FailedImport.acylindrical_unsupported
69804,FailedImport.acylindrical_unsupported
69805,FailedImport.acylindrical_unsupported
69807,FailedImport.no_primary_surface
69808,FailedImport.no_primary_surface
69809,FailedImport.no_primary_surface
69810,FailedImport.no_primary_surface
69811,FailedImport.acylindrical_unsupported
69813,FailedImport.acylindrical_unsupported
69814,FailedImport.acylindrical_unsupported
69815,FailedImport.acylindrical_unsupported
69816,FailedImport.acylindrical_unsupported
69818,FailedImport.no_primary_surface
69819,FailedImport.no_primary_surface
69820,FailedImport.no_primary_surface
69821,FailedImport.no_primary_surface
69822,FailedImport.no_primary_surface
69823,FailedImport.acylindrical_unsupported
69824,FailedImport.acylindrical_unsupported
69825,FailedImport.acylindrical_unsupported
69827,FailedImport.no_primary_surface
69828,FailedImport.no_primary_surface
69829,FailedImport.no_primary_surface
69830,FailedImport.no_primary_surface
69831,FailedImport.acylindrical_unsupported
69833,FailedImport.acylindrical_unsupported
69834,FailedImport.acylindrical_unsupported
69835,FailedImport.acylindrical_unsupported
69836,FailedImport.acylindrical_unsupported
69838,FailedImport.no_primary_surface
69839,FailedImport.no_primary_surface
69840,FailedImport.no_primary_surface
69841,FailedImport.no_primary_surface
69842,FailedImport.no_primary_surface
69843,FailedImport.acylindrical_unsupported
69844,FailedImport.acylindrical_unsupported
69845,FailedImport.acylindrical_unsupported
69847,FailedImport.no_primary_surface
69848,FailedImport.no_primary_surface
69849,FailedImport.no_primary_surface
69850,FailedImport.no_primary_surface
71026,FailedImport.mirrors_unsupported
83180,FailedImport.mirrors_unsupported
83181,FailedImport.mirrors_unsupported
83182,FailedImport.mirrors_unsupported
83183,FailedImport.mirrors_unsupported
83184,FailedImport.mirrors_unsupported
83185,FailedImport.mirrors_unsupported
83186,FailedImport.mirrors_unsupported
83187,FailedImport.mirrors_unsupported
83188,FailedImport.mirrors_unsupported
83189,FailedImport.mirrors_unsupported
83190,FailedImport.mirrors_unsupported
83191,FailedImport.mirrors_unsupported
83192,FailedImport.mirrors_unsupported
83193,FailedImport.mirrors_unsupported
83194,FailedImport.mirrors_unsupported
83195,FailedImport.mirrors_unsupported
83547,FailedImport.unknown_material_type
83548,FailedImport.unknown_material_type
83549,FailedImport.unknown_material_type
83554,FailedImport.diameter_undefined
83555,FailedImport.diameter_undefined
83565,FailedImport.unknown_material_type
83566,FailedImport.unknown_material_type
83567,FailedImport.unknown_material_type
83568,FailedImport.unknown_material_type
83569,FailedImport.unknown_material_type
83570,FailedImport.unknown_material_type
83571,FailedImport.unknown_material_type
83572,FailedImport.unknown_material_type
83585,FailedImport.unknown_material_type
83586,FailedImport.unknown_material_type
83587,FailedImport.unknown_material_type
83588,FailedImport.unknown_material_type
83589,FailedImport.unknown_material_type
83590,FailedImport.unknown_material_type
83591,FailedImport.unknown_material_type
83592,FailedImport.unknown_material_type
83593,FailedImport.unknown_material_type
83594,FailedImport.unknown_material_type
83595,FailedImport.unknown_material_type
83596,FailedImport.unknown_material_type
83597,FailedImport.unknown_material_type
83598,FailedImport.unknown_material_type
83599,FailedImport.unknown_material_type
83600,FailedImport.unknown_material_type
83601,FailedImport.unknown_material_type
83602,FailedImport.unknown_material_type
83603,FailedImport.unknown_material_type
83604,FailedImport.unknown_material_type
83605,FailedImport.unknown_material_type
83606,FailedImport.unknown_material_type
83607,FailedImport.unknown_material_type
83617,FailedImport.unknown_material_type
83618,FailedImport.unknown_material_type
83619,FailedImport.unknown_material_type
83624,FailedImport.unknown_material_type
83676,FailedImport.unknown_material_type
83677,FailedImport.unknown_material_type
83678,FailedImport.unknown_material_type
83679,FailedImport.unknown_material_type
83680,FailedImport.unknown_material_type
83681,FailedImport.unknown_material_type
83682,FailedImport.unknown_material_type
83683,FailedImport.unknown_material_type
83724,FailedImport.unknown_material_type
83725,FailedImport.unknown_material_type
83726,FailedImport.unknown_material_type
83727,FailedImport.unknown_material_type
83728,FailedImport.unknown_material_type
83729,FailedImport.unknown_material_type
83730,FailedImport.unknown_material_type
83731,FailedImport.unknown_material_type
83732,FailedImport.unknown_material_type
83733,FailedImport.unknown_material_type
83957,FailedImport.mirrors_unsupported
83958,FailedImport.mirrors_unsupported
83959,FailedImport.mirrors_unsupported
83960,FailedImport.mirrors_unsupported
83961,FailedImport.mirrors_unsupported
83962,FailedImport.mirrors_unsupported
83963,FailedImport.mirrors_unsupported
83964,FailedImport.mirrors_unsupported
83965,FailedImport.mirrors_unsupported
83966,FailedImport.mirrors_unsupported
83967,FailedImport.mirrors_unsupported
83968,FailedImport.mirrors_unsupported
83969,FailedImport.mirrors_unsupported
83970,FailedImport.mirrors_unsupported
83971,FailedImport.mirrors_unsupported
83972,FailedImport.mirrors_unsupported
83973,FailedImport.mirrors_unsupported
83974,FailedImport.mirrors_unsupported
83975,FailedImport.mirrors_unsupported
83976,FailedImport.mirrors_unsupported
83989,FailedImport.unknown_material_type
83990,FailedImport.unknown_material_type
84552,FailedImport.mirrors_unsupported
84553,FailedImport.mirrors_unsupported
84554,FailedImport.mirrors_unsupported
84555,FailedImport.mirrors_unsupported
84556,FailedImport.mirrors_unsupported
84557,FailedImport.mirrors_unsupported
84558,FailedImport.mirrors_unsupported
84559,FailedImport.mirrors_unsupported
84560,FailedImport.mirrors_unsupported
84561,FailedImport.mirrors_unsupported
84562,FailedImport.mirrors_unsupported
84563,FailedImport.mirrors_unsupported
84564,FailedImport.mirrors_unsupported
84565,FailedImport.mirrors_unsupported
84566,FailedImport.mirrors_unsupported
84567,FailedImport.mirrors_unsupported
84568,FailedImport.mirrors_unsupported
84569,FailedImport.mirrors_unsupported
84570,FailedImport.mirrors_unsupported
84571,FailedImport.mirrors_unsupported
84572,FailedImport.mirrors_unsupported
84573,FailedImport.mirrors_unsupported
84574,FailedImport.mirrors_unsupported
84575,FailedImport.mirrors_unsupported
84576,FailedImport.mirrors_unsupported
84577,FailedImport.mirrors_unsupported
84578,FailedImport.mirrors_unsupported
84579,FailedImport.mirrors_unsupported
84580,FailedImport.mirrors_unsupported
84581,FailedImport.mirrors_unsupported
84582,FailedImport.mirrors_unsupported
84583,FailedImport.mirrors_unsupported
84584,FailedImport.mirrors_unsupported
84585,FailedImport.mirrors_unsupported
84586,FailedImport.mirrors_unsupported
84587,FailedImport.mirrors_unsupported
84588,FailedImport.mirrors_unsupported
84589,FailedImport.mirrors_unsupported
84590,FailedImport.mirrors_unsupported
84591,FailedImport.mirrors_unsupported
84592,FailedImport.mirrors_unsupported
84593,FailedImport.mirrors_unsupported
84594,FailedImport.mirrors_unsupported
84595,FailedImport.mirrors_unsupported
84603,FailedImport.mirrors_unsupported
84604,FailedImport.mirrors_unsupported
84605,FailedImport.mirrors_unsupported
84606,FailedImport.mirrors_unsupported
84622,FailedImport.mirrors_unsupported
84623,FailedImport.mirrors_unsupported
84624,FailedImport.mirrors_unsupported
84625,FailedImport.mirrors_unsupported
84626,FailedImport.mirrors_unsupported
84627,FailedImport.mirrors_unsupported
84628,FailedImport.mirrors_unsupported
84629,FailedImport.mirrors_unsupported
84630,FailedImport.mirrors_unsupported
84631,FailedImport.mirrors_unsupported
84632,FailedImport.mirrors_unsupported
84633,FailedImport.mirrors_unsupported
84634,FailedImport.mirrors_unsupported
84635,FailedImport.mirrors_unsupported
84636,FailedImport.mirrors_unsupported
84637,FailedImport.mirrors_unsupported
84638,FailedImport.mirrors_unsupported
84639,FailedImport.mirrors_unsupported
86030,FailedImport.acylindrical_unsupported
86031,FailedImport.acylindrical_unsupported
86032,FailedImport.acylindrical_unsupported
86033,FailedImport.acylindrical_unsupported
86034,FailedImport.acylindrical_unsupported
86035,FailedImport.acylindrical_unsupported
86036,FailedImport.acylindrical_unsupported
86037,FailedImport.acylindrical_unsupported
86043,FailedImport.acylindrical_unsupported
86044,FailedImport.acylindrical_unsupported
86045,FailedImport.acylindrical_unsupported
86046,FailedImport.acylindrical_unsupported
86047,FailedImport.acylindrical_unsupported
86048,FailedImport.acylindrical_unsupported
86049,FailedImport.acylindrical_unsupported
86161,FailedImport.mirrors_unsupported
86284,FailedImport.mirrors_unsupported
86285,FailedImport.mirrors_unsupported
86286,FailedImport.mirrors_unsupported
86287,FailedImport.mirrors_unsupported
86288,FailedImport.mirrors_unsupported
86289,FailedImport.mirrors_unsupported
86290,FailedImport.mirrors_unsupported
86291,FailedImport.mirrors_unsupported
86292,FailedImport.mirrors_unsupported
86293,FailedImport.mirrors_unsupported
86294,FailedImport.mirrors_unsupported
86295,FailedImport.mirrors_unsupported
86296,FailedImport.mirrors_unsupported
86297,FailedImport.mirrors_unsupported
86298,FailedImport.mirrors_unsupported
86299,FailedImport.mirrors_unsupported
86300,FailedImport.mirrors_unsupported
86301,FailedImport.mirrors_unsupported
86302,FailedImport.mirrors_unsupported
86303,FailedImport.mirrors_unsupported
86304,FailedImport.mirrors_unsupported
86305,FailedImport.mirrors_unsupported
86306,FailedImport.mirrors_unsupported
86554,FailedImport.mirrors_unsupported
87406,FailedImport.mirrors_unsupported
87407,FailedImport.mirrors_unsupported
87408,FailedImport.mirrors_unsupported
87409,FailedImport.mirrors_unsupported
87410,FailedImport.mirrors_unsupported
87655,FailedImport.mirrors_unsupported
87656,FailedImport.mirrors_unsupported
87657,FailedImport.mirrors_unsupported
87658,FailedImport.mirrors_unsupported
87659,FailedImport.mirrors_unsupported
87660,FailedImport.mirrors_unsupported
87661,FailedImport.mirrors_unsupported
87662,FailedImport.mirrors_unsupported
87663,FailedImport.mirrors_unsupported
87664,FailedImport.mirrors_unsupported
87665,FailedImport.mirrors_unsupported
87666,FailedImport.mirrors_unsupported
87667,FailedImport.mirrors_unsupported
87668,FailedImport.mirrors_unsupported
87669,FailedImport.mirrors_unsupported
87670,FailedImport.mirrors_unsupported
87671,FailedImport.mirrors_unsupported
87672,FailedImport.mirrors_unsupported
87673,FailedImport.mirrors_unsupported
87674,FailedImport.mirrors_unsupported
87675,FailedImport.mirrors_unsupported
87676,FailedImport.mirrors_unsupported
87677,FailedImport.mirrors_unsupported
87678,FailedImport.mirrors_unsupported
87679,FailedImport.mirrors_unsupported
87680,FailedImport.mirrors_unsupported
87681,FailedImport.mirrors_unsupported
87682,FailedImport.mirrors_unsupported
87683,FailedImport.mirrors_unsupported
87684,FailedImport.mirrors_unsupported
87685,FailedImport.mirrors_unsupported
87686,FailedImport.mirrors_unsupported
87687,FailedImport.mirrors_unsupported
87688,FailedImport.mirrors_unsupported
87689,FailedImport.mirrors_unsupported
87690,FailedImport.mirrors_unsupported
87691,FailedImport.mirrors_unsupported
87692,FailedImport.mirrors_unsupported
87693,FailedImport.mirrors_unsupported
87694,FailedImport.mirrors_unsupported
87695,FailedImport.mirrors_unsupported
87696,FailedImport.mirrors_unsupported
87697,FailedImport.mirrors_unsupported
87698,FailedImport.mirrors_unsupported
87955,FailedImport.unequal_surface_radius
87956,FailedImport.unequal_surface_radius
87957,FailedImport.unequal_surface_radius
87958,FailedImport.unequal_surface_radius
87959,FailedImport.unequal_surface_radius
87960,FailedImport.unequal_surface_radius
87961,FailedImport.unequal_surface_radius
87962,FailedImport.unequal_surface_radius
87963,FailedImport.unequal_surface_radius
87964,FailedImport.unequal_surface_radius
87965,FailedImport.unequal_surface_radius
87966,FailedImport.unequal_surface_radius
87967,FailedImport.unequal_surface_radius
87968,FailedImport.unequal_surface_radius
87969,FailedImport.unequal_surface_radius
87970,FailedImport.unequal_surface_radius
87971,FailedImport.unequal_surface_radius
87972,FailedImport.unequal_surface_radius
89454,FailedImport.mirrors_unsupported
89455,FailedImport.mirrors_unsupported
89456,FailedImport.mirrors_unsupported
89457,FailedImport.mirrors_unsupported
89458,FailedImport.mirrors_unsupported
89459,FailedImport.mirrors_unsupported
89460,FailedImport.mirrors_unsupported
89461,FailedImport.mirrors_unsupported
89462,FailedImport.mirrors_unsupported
90964,FailedImport.mirrors_unsupported
90965,FailedImport.mirrors_unsupported
90966,FailedImport.mirrors_unsupported
90967,FailedImport.mirrors_unsupported
90968,FailedImport.mirrors_unsupported
90969,FailedImport.mirrors_unsupported
90970,FailedImport.mirrors_unsupported
90971,FailedImport.mirrors_unsupported
90972,FailedImport.mirrors_unsupported
90973,FailedImport.mirrors_unsupported
90974,FailedImport.mirrors_unsupported
